{
  "Training": {
    "RMSE": 6.629924511348609,
    "MAE": 2.343646999808474,
    "R\u00b2": 0.9923197140705343,
    "MAPE": 20.40906150141329
  },
  "Validation": {
    "RMSE": 38.71875276781638,
    "MAE": 29.462380895441232,
    "R\u00b2": 0.6022941247207472,
    "MAPE": 14.578267054327041
  },
  "Test": {
    "RMSE": 31.50762218231713,
    "MAE": 20.861350904028242,
    "R\u00b2": 0.850772574360009,
    "MAPE": 11.827871054186216
  }
}